{
  "total_responses": 10,
  "uptime_seconds": 335.4681282043457,
  "response_times": {
    "mean": 2.407521963119507,
    "median": 0.43532419204711914,
    "min": 0,
    "max": 8.419238567352295,
    "std_dev": 3.198898208978407
  },
  "stt_times": {
    "mean": 2.5686614990234373,
    "median": 2.710066080093384,
    "min": 0.8706483840942383,
    "max": 4.24229097366333
  },
  "chatbot_times": {
    "mean": 2.2463824272155763,
    "median": 1.5231702327728271,
    "min": 0.0,
    "max": 6.914908409118652
  },
  "tts_times": {
    "mean": 28.85190382003784,
    "median": 13.252549409866333,
    "min": 10.485843420028687,
    "max": 76.34455943107605
  },
  "timestamp": "2025-08-03T10:29:51.361297"
}